id,observed_on_string,observed_on,time_observed_at,time_zone,user_id,user_login,created_at,updated_at,quality_grade,license,url,image_url,sound_url,tag_list,description,num_identification_agreements,num_identification_disagreements,captive_cultivated,oauth_application_id,place_guess,latitude,longitude,positional_accuracy,public_positional_accuracy,geoprivacy,taxon_geoprivacy,coordinates_obscured,positioning_method,positioning_device,species_guess,scientific_name,common_name,iconic_taxon_name,taxon_id,taxon_phylum_name,taxon_class_name,taxon_order_name,taxon_superfamily_name,taxon_family_name,taxon_subfamily_name,taxon_tribe_name,taxon_genus_name,taxon_species_name
75863570,2021-04-30 18:26:40,2021-04-30,2021-04-30 16:26:40 UTC,Vienna,1776852,blackindia77,2021-04-30 16:52:45 UTC,2021-04-30 17:36:18 UTC,research,CC-BY-NC,https://www.inaturalist.org/observations/75863570,https://inaturalist-open-data.s3.amazonaws.com/photos/124132778/medium.jpeg,,"",,1,0,false,2,"5310 St. Lorenz, Österreich",47.8391734083,13.3470880361,,,,,false,gps,gps,Rote Mauerbiene,Osmia bicornis,Rote Mauerbiene,Insecta,876599,Arthropoda,Insecta,Hymenoptera,Apoidea,Megachilidae,Megachilinae,Osmiini,Osmia,Osmia bicornis
76072074,2021/05/01 5:34 AM CEST,2021-05-01,2021-05-01 03:34:00 UTC,Vienna,1479221,mondseeirrsee,2021-05-01 08:32:56 UTC,2021-05-01 11:11:08 UTC,research,CC-BY,https://www.inaturalist.org/observations/76072074,https://inaturalist-open-data.s3.amazonaws.com/photos/124464919/medium.jpeg,,"","",1,0,false,,"Vöcklabruck, Österreich",47.9340615515,13.3015617106,31,31,,open,false,,,srnec obecný,Capreolus capreolus,Reh,Mammalia,42184,Chordata,Mammalia,Artiodactyla,,Cervidae,Capreolinae,Capreolini,Capreolus,Capreolus capreolus
76072075,2021/05/01 5:38 AM CEST,2021-05-01,2021-05-01 03:38:00 UTC,Vienna,1479221,mondseeirrsee,2021-05-01 08:32:57 UTC,2021-05-01 08:34:13 UTC,research,CC-BY,https://www.inaturalist.org/observations/76072075,https://inaturalist-open-data.s3.amazonaws.com/photos/124464987/medium.jpeg,,"","",1,0,false,,"Vöcklabruck, Österreich",47.9340636083,13.3015634986,2,2,,open,false,,,Rabenkrähe,Corvus corone,Rabenkrähe,Aves,204496,Chordata,Aves,Passeriformes,,Corvidae,,,Corvus,Corvus corone
76072076,2021/05/01 5:42 AM CEST,2021-05-01,2021-05-01 03:42:00 UTC,Vienna,1479221,mondseeirrsee,2021-05-01 08:32:57 UTC,2021-05-01 08:34:03 UTC,research,CC-BY,https://www.inaturalist.org/observations/76072076,https://inaturalist-open-data.s3.amazonaws.com/photos/124465075/medium.jpeg,,"","",1,0,false,,"Vöcklabruck, Österreich",47.9340698987,13.3017445482,8,8,,open,false,,,Großer Brachvogel,Numenius arquata,Großer Brachvogel,Aves,3896,Chordata,Aves,Charadriiformes,,Scolopacidae,,,Numenius,Numenius arquata
76072078,2021/05/01 5:42 AM CEST,2021-05-01,2021-05-01 03:42:00 UTC,Vienna,1479221,mondseeirrsee,2021-05-01 08:32:58 UTC,2021-05-01 08:33:49 UTC,research,CC-BY,https://www.inaturalist.org/observations/76072078,https://inaturalist-open-data.s3.amazonaws.com/photos/124465119/medium.jpeg,,"","",1,0,false,,"Vöcklabruck, Österreich",47.9340384497,13.3016949268,2,2,,open,false,,,Kiebitz,Vanellus vanellus,Kiebitz,Aves,4857,Chordata,Aves,Charadriiformes,,Charadriidae,,,Vanellus,Vanellus vanellus
76072080,2021/05/01 5:45 AM CEST,2021-05-01,2021-05-01 03:45:00 UTC,Vienna,1479221,mondseeirrsee,2021-05-01 08:32:58 UTC,2021-05-01 08:33:47 UTC,research,CC-BY,https://www.inaturalist.org/observations/76072080,https://inaturalist-open-data.s3.amazonaws.com/photos/124465197/medium.jpeg,,"","",1,0,false,,"Vöcklabruck, Österreich",47.9341175195,13.3016479882,2,2,,open,false,,,Bachstelze,Motacilla alba,Bachstelze,Aves,13695,Chordata,Aves,Passeriformes,,Motacillidae,,,Motacilla,Motacilla alba
76072081,2021/05/01 6:32 AM CEST,2021-05-01,2021-05-01 04:32:00 UTC,Vienna,1479221,mondseeirrsee,2021-05-01 08:32:58 UTC,2021-05-01 08:33:46 UTC,research,CC-BY,https://www.inaturalist.org/observations/76072081,https://inaturalist-open-data.s3.amazonaws.com/photos/124465277/medium.jpeg,,"","",1,0,false,,"4893 Zell am Moos, Österreich",47.9056375678,13.3151558358,15,15,,open,false,,,Star,Sturnus vulgaris,Star,Aves,14850,Chordata,Aves,Passeriformes,,Sturnidae,,,Sturnus,Sturnus vulgaris
76072085,2021/05/01 6:32 AM CEST,2021-05-01,2021-05-01 04:32:00 UTC,Vienna,1479221,mondseeirrsee,2021-05-01 08:32:59 UTC,2021-05-01 12:52:11 UTC,research,CC-BY,https://www.inaturalist.org/observations/76072085,https://inaturalist-open-data.s3.amazonaws.com/photos/124465463/medium.jpeg,,"","",2,0,false,,"4893 Zell am Moos, Österreich",47.905902982,13.3151465124,122,122,,open,false,,,Stieglitz,Carduelis carduelis,Stieglitz,Aves,9398,Chordata,Aves,Passeriformes,,Fringillidae,,,Carduelis,Carduelis carduelis
76072086,2021/05/01 6:35 AM CEST,2021-05-01,2021-05-01 04:35:00 UTC,Vienna,1479221,mondseeirrsee,2021-05-01 08:32:59 UTC,2021-05-01 10:55:56 UTC,research,CC-BY,https://www.inaturalist.org/observations/76072086,https://inaturalist-open-data.s3.amazonaws.com/photos/124465477/medium.jpeg,,"","",2,0,false,,"4893 Zell am Moos, Österreich",47.9062455337,13.314485497,122,122,,open,false,,,Amsel,Turdus merula,Amsel,Aves,12716,Chordata,Aves,Passeriformes,,Turdidae,,,Turdus,Turdus merula
76072088,2021/05/01 6:40 AM CEST,2021-05-01,2021-05-01 04:40:00 UTC,Vienna,1479221,mondseeirrsee,2021-05-01 08:32:59 UTC,2021-05-01 08:33:39 UTC,research,CC-BY,https://www.inaturalist.org/observations/76072088,https://inaturalist-open-data.s3.amazonaws.com/photos/124465510/medium.jpeg,,"","",1,0,false,,"4893 Zell am Moos, Österreich",47.904708238,13.312235974,31,31,,open,false,,,Haubentaucher,Podiceps cristatus,Haubentaucher,Aves,4208,Chordata,Aves,Podicipediformes,,Podicipedidae,,,Podiceps,Podiceps cristatus
76072090,2021/05/01 6:50 AM CEST,2021-05-01,2021-05-01 04:50:00 UTC,Vienna,1479221,mondseeirrsee,2021-05-01 08:33:00 UTC,2021-05-01 08:54:11 UTC,research,CC-BY,https://www.inaturalist.org/observations/76072090,https://inaturalist-open-data.s3.amazonaws.com/photos/124465565/medium.jpeg,https://static.inaturalist.org/sounds/201128.m4a?1619857497,"",see soundfile,1,0,false,,"4893 Zell am Moos, Österreich",47.9058267544,13.3143996663,122,122,,open,false,,,Common Chiffchaff,Phylloscopus collybita,Zilpzalp,Aves,117016,Chordata,Aves,Passeriformes,,Phylloscopidae,,,Phylloscopus,Phylloscopus collybita
76072092,2021/05/01 6:52 AM CEST,2021-05-01,2021-05-01 04:52:00 UTC,Vienna,1479221,mondseeirrsee,2021-05-01 08:33:00 UTC,2021-05-01 08:52:00 UTC,research,CC-BY,https://www.inaturalist.org/observations/76072092,https://inaturalist-open-data.s3.amazonaws.com/photos/124465618/medium.jpeg,,"","",2,0,false,,"4893 Zell am Moos, Österreich",47.9052513842,13.3131980366,122,122,,open,false,,,Ringeltaube,Columba palumbus,Ringeltaube,Aves,3048,Chordata,Aves,Columbiformes,,Columbidae,,,Columba,Columba palumbus
76072093,2021/05/01 7:01 AM CEST,2021-05-01,2021-05-01 05:01:00 UTC,Vienna,1479221,mondseeirrsee,2021-05-01 08:33:00 UTC,2021-05-01 08:54:25 UTC,research,CC-BY,https://www.inaturalist.org/observations/76072093,https://inaturalist-open-data.s3.amazonaws.com/photos/124465660/medium.jpeg,https://static.inaturalist.org/sounds/201130.m4a?1619857524,"",see soundfile,1,0,false,,"4893 Zell am Moos, Österreich",47.9057471348,13.3140563435,122,122,,open,false,,,Willow Warbler,Phylloscopus trochilus,Fitis,Aves,117055,Chordata,Aves,Passeriformes,,Phylloscopidae,,,Phylloscopus,Phylloscopus trochilus
76072098,2021/05/01 7:09 AM CEST,2021-05-01,2021-05-01 05:09:00 UTC,Vienna,1479221,mondseeirrsee,2021-05-01 08:33:01 UTC,2021-05-01 08:33:32 UTC,research,CC-BY,https://www.inaturalist.org/observations/76072098,https://inaturalist-open-data.s3.amazonaws.com/photos/124465755/medium.jpeg,,"","",1,0,false,,"4893 Zell am Moos, Österreich",47.9045390281,13.3133633945,31,31,,open,false,,,Wacholderdrossel,Turdus pilaris,Wacholderdrossel,Aves,12707,Chordata,Aves,Passeriformes,,Turdidae,,,Turdus,Turdus pilaris
76072099,2021/05/01 7:10 AM CEST,2021-05-01,2021-05-01 05:10:00 UTC,Vienna,1479221,mondseeirrsee,2021-05-01 08:33:01 UTC,2021-05-01 08:36:55 UTC,research,CC-BY,https://www.inaturalist.org/observations/76072099,https://inaturalist-open-data.s3.amazonaws.com/photos/124465790/medium.jpeg,,"","",1,0,false,,"4893 Zell am Moos, Österreich",47.9043662334,13.3129405446,122,122,,open,false,,,Buchfink,Fringilla coelebs,Buchfink,Aves,10070,Chordata,Aves,Passeriformes,,Fringillidae,,,Fringilla,Fringilla coelebs
76072101,2021/05/01 7:12 AM CEST,2021-05-01,2021-05-01 05:12:00 UTC,Vienna,1479221,mondseeirrsee,2021-05-01 08:33:02 UTC,2021-05-01 08:36:48 UTC,research,CC-BY,https://www.inaturalist.org/observations/76072101,https://inaturalist-open-data.s3.amazonaws.com/photos/124465843/medium.jpeg,,"","",1,0,false,,"4893 Zell am Moos, Österreich",47.9052470376,13.3126830525,122,122,,open,false,,,Feldsperling,Passer montanus,Feldsperling,Aves,13851,Chordata,Aves,Passeriformes,,Passeridae,,,Passer,Passer montanus
76072108,2021/05/01 7:21 AM CEST,2021-05-01,2021-05-01 05:21:00 UTC,Vienna,1479221,mondseeirrsee,2021-05-01 08:33:02 UTC,2021-05-01 11:11:13 UTC,research,CC-BY,https://www.inaturalist.org/observations/76072108,https://inaturalist-open-data.s3.amazonaws.com/photos/124465889/medium.jpeg,,"","",1,0,false,,"Vöcklabruck, Österreich",47.8676213597,13.3238620337,15,15,,open,false,,,zajíc polní,Lepus europaeus,Europäischer Feldhase,Mammalia,43128,Chordata,Mammalia,Lagomorpha,,Leporidae,,,Lepus,Lepus europaeus
76072109,2021/05/01 7:49 AM CEST,2021-05-01,2021-05-01 05:49:00 UTC,Vienna,1479221,mondseeirrsee,2021-05-01 08:33:03 UTC,2021-05-01 08:33:24 UTC,research,CC-BY,https://www.inaturalist.org/observations/76072109,https://inaturalist-open-data.s3.amazonaws.com/photos/124465915/medium.jpeg,,"","",1,0,false,,"Mondsee, Österreich",47.8439189646,13.3418697846,61,61,,open,false,,,Blässhuhn,Fulica atra,Blässhuhn,Aves,482,Chordata,Aves,Gruiformes,,Rallidae,,,Fulica,Fulica atra
76072111,2021/05/01 7:41 AM CEST,2021-05-01,2021-05-01 05:41:00 UTC,Vienna,1479221,mondseeirrsee,2021-05-01 08:33:03 UTC,2021-05-01 08:33:22 UTC,research,CC-BY,https://www.inaturalist.org/observations/76072111,https://inaturalist-open-data.s3.amazonaws.com/photos/124465919/medium.jpeg,,"","",1,0,false,,"Mondsee, Österreich",47.8438015514,13.3418277785,15,15,,open,false,,,Stockente,Anas platyrhynchos,Stockente,Aves,6930,Chordata,Aves,Anseriformes,,Anatidae,,,Anas,Anas platyrhynchos
76072114,2021/05/01 8:03 AM CEST,2021-05-01,2021-05-01 06:03:00 UTC,Vienna,1479221,mondseeirrsee,2021-05-01 08:33:04 UTC,2021-05-01 08:53:44 UTC,research,CC-BY,https://www.inaturalist.org/observations/76072114,https://inaturalist-open-data.s3.amazonaws.com/photos/124465945/medium.jpeg,,"","",1,0,false,,"5310 St. Lorenz, Österreich",47.8229977849,13.3548000857,8,8,,open,false,,,Common Chiffchaff,Phylloscopus collybita,Zilpzalp,Aves,117016,Chordata,Aves,Passeriformes,,Phylloscopidae,,,Phylloscopus,Phylloscopus collybita
76072115,2021/05/01 8:18 AM CEST,2021-05-01,2021-05-01 06:18:00 UTC,Vienna,1479221,mondseeirrsee,2021-05-01 08:33:04 UTC,2021-05-01 10:08:01 UTC,research,CC-BY,https://www.inaturalist.org/observations/76072115,https://inaturalist-open-data.s3.amazonaws.com/photos/124465967/medium.jpeg,,"","",2,0,false,,"5310 St. Lorenz, Österreich",47.8224831397,13.3608047386,31,31,,open,false,,,Höckerschwan,Cygnus olor,Höckerschwan,Aves,6921,Chordata,Aves,Anseriformes,,Anatidae,,,Cygnus,Cygnus olor
76072116,2021/05/01 8:31 AM CEST,2021-05-01,2021-05-01 06:31:00 UTC,Vienna,1479221,mondseeirrsee,2021-05-01 08:33:04 UTC,2021-05-01 08:33:04 UTC,needs_id,CC-BY,https://www.inaturalist.org/observations/76072116,https://inaturalist-open-data.s3.amazonaws.com/photos/124466016/medium.jpeg,,"","",0,0,false,,"Mondsee, Österreich",47.8209875722,13.3653893121,15,15,,open,false,,,Mittelmeermöwe,Larus michahellis,Mittelmeermöwe,Aves,59202,Chordata,Aves,Charadriiformes,,Laridae,Larinae,,Larus,Larus michahellis
76072119,2021/05/01 8:52 AM CEST,2021-05-01,2021-05-01 06:52:00 UTC,Vienna,1479221,mondseeirrsee,2021-05-01 08:33:05 UTC,2021-05-01 08:40:01 UTC,research,CC-BY,https://www.inaturalist.org/observations/76072119,https://inaturalist-open-data.s3.amazonaws.com/photos/124466116/medium.jpeg,,"","",1,0,false,,"5310 St. Lorenz, Österreich",47.8200783825,13.3621895045,31,31,,open,false,,,Klappergrasmücke,Sylvia curruca,Klappergrasmücke,Aves,15288,Chordata,Aves,Passeriformes,,Sylviidae,,,Sylvia,Sylvia curruca
76072120,2021/05/01 8:57 AM CEST,2021-05-01,2021-05-01 06:57:00 UTC,Vienna,1479221,mondseeirrsee,2021-05-01 08:33:05 UTC,2021-05-01 08:39:55 UTC,research,CC-BY,https://www.inaturalist.org/observations/76072120,https://inaturalist-open-data.s3.amazonaws.com/photos/124466197/medium.jpeg,,"","",1,0,false,,"5310 St. Lorenz, Österreich",47.8204333526,13.3618518723,61,61,,open,false,,,Mäusebussard,Buteo buteo,Mäusebussard,Aves,204472,Chordata,Aves,Accipitriformes,,Accipitridae,,,Buteo,Buteo buteo
76093243,2021-05-01 12:33:19,2021-05-01,2021-05-01 12:33:19 UTC,UTC,4329175,martina400,2021-05-01 10:48:46 UTC,2021-05-03 18:09:40 UTC,research,,https://www.inaturalist.org/observations/76093243,https://static.inaturalist.org/photos/124498857/medium.jpeg,,"",,3,0,false,2,"4893 Zell am Moos, Österreich",47.9235826,13.3437405,2000,2000,,,false,,,Faden-Ehrenpreis,Veronica filiformis,Faden-Ehrenpreis,Plantae,55825,Tracheophyta,Magnoliopsida,Lamiales,,Plantaginaceae,,Veroniceae,Veronica,Veronica filiformis
76093270,2021-05-01 12:34:34,2021-05-01,2021-05-01 10:34:34 UTC,Vienna,4329175,martina400,2021-05-01 10:48:56 UTC,2021-05-03 06:16:17 UTC,casual,,https://www.inaturalist.org/observations/76093270,https://static.inaturalist.org/photos/124498901/medium.jpeg,,"",,2,0,true,2,"4893 Zell am Moos, Österreich",47.9261528955,13.3416050584,19,19,,,false,,,Gartenaurikel,Primula × pubescens,Gartenaurikel,Plantae,742844,Tracheophyta,Magnoliopsida,Ericales,,Primulaceae,Primuloideae,Primuleae,Primula,
76093312,2021-05-01 12:35:40,2021-05-01,2021-05-01 10:35:40 UTC,Vienna,4329175,martina400,2021-05-01 10:49:07 UTC,2021-05-05 03:40:21 UTC,research,,https://www.inaturalist.org/observations/76093312,https://static.inaturalist.org/photos/124498947/medium.jpeg,,"",,2,0,false,2,"4893 Zell am Moos, Österreich",47.9262038276,13.3414892677,19,19,,,false,,,Gänseblümchen,Bellis perennis,Gänseblümchen,Plantae,55563,Tracheophyta,Magnoliopsida,Asterales,,Asteraceae,Asteroideae,Astereae,Bellis,Bellis perennis
76093347,2021-05-01 12:36:58,2021-05-01,2021-05-01 10:36:58 UTC,Vienna,4329175,martina400,2021-05-01 10:49:18 UTC,2021-05-06 06:46:30 UTC,research,,https://www.inaturalist.org/observations/76093347,https://static.inaturalist.org/photos/124498976/medium.jpeg,,"",,1,0,false,2,"4893 Zell am Moos, Österreich",47.9262418959,13.3416354978,19,19,,,false,,,Wald-Schlüsselblume,Primula elatior,Wald-Schlüsselblume,Plantae,55840,Tracheophyta,Magnoliopsida,Ericales,,Primulaceae,Primuloideae,Primuleae,Primula,Primula elatior
76093362,2021-05-01 12:37:51,2021-05-01,2021-05-01 10:37:51 UTC,Vienna,4329175,martina400,2021-05-01 10:49:28 UTC,2021-05-05 03:39:46 UTC,needs_id,,https://www.inaturalist.org/observations/76093362,https://static.inaturalist.org/photos/124499022/medium.jpeg,,"",,1,0,false,2,"4893 Zell am Moos, Österreich",47.9264910885,13.341779187,19,19,,,false,,,Löwenzahn,Taraxacum officinale,Löwenzahn,Plantae,47602,Tracheophyta,Magnoliopsida,Asterales,,Asteraceae,Cichorioideae,Cichorieae,Taraxacum,Taraxacum officinale
76093396,2021-05-01 12:40:16,2021-05-01,2021-05-01 10:40:16 UTC,Vienna,4329175,martina400,2021-05-01 10:49:41 UTC,2021-05-03 06:15:52 UTC,needs_id,,https://www.inaturalist.org/observations/76093396,https://static.inaturalist.org/photos/124499072/medium.jpeg,,"",,0,0,false,2,"4893 Zell am Moos, Österreich",47.9264266986,13.3416374441,19,19,,,false,,,,Apiaceae,Doldenblütler,Plantae,48699,Tracheophyta,Magnoliopsida,Apiales,,Apiaceae,,,,
76093435,2021-05-01 12:41:34,2021-05-01,2021-05-01 10:41:34 UTC,Vienna,4329175,martina400,2021-05-01 10:49:52 UTC,2021-05-03 02:51:35 UTC,research,,https://www.inaturalist.org/observations/76093435,https://static.inaturalist.org/photos/124499124/medium.jpeg,,"",,1,0,false,2,"4893 Zell am Moos, Österreich",47.9261698026,13.3415215464,19,19,,,false,,,Behaartes Schaumkraut,Cardamine hirsuta,Behaartes Schaumkraut,Plantae,55829,Tracheophyta,Magnoliopsida,Brassicales,,Brassicaceae,,Cardamineae,Cardamine,Cardamine hirsuta
76093474,2021-05-01 12:43:27,2021-05-01,2021-05-01 10:43:27 UTC,Vienna,4329175,martina400,2021-05-01 10:50:05 UTC,2021-05-04 04:30:56 UTC,casual,,https://www.inaturalist.org/observations/76093474,https://static.inaturalist.org/photos/124499157/medium.jpeg,,"",,1,0,true,2,"4893 Zell am Moos, Österreich",47.9260061,13.3417148,20,20,,,false,,,Gelbe Narzisse,Narcissus pseudonarcissus,Gelbe Narzisse,Plantae,55848,Tracheophyta,Liliopsida,Asparagales,,Amaryllidaceae,Amaryllidoideae,Narcisseae,Narcissus,Narcissus pseudonarcissus
76131612,2021-05-01 15:39:03,2021-05-01,2021-05-01 13:39:03 UTC,Vienna,4329175,martina400,2021-05-01 13:39:50 UTC,2021-05-01 16:00:09 UTC,research,,https://www.inaturalist.org/observations/76131612,https://static.inaturalist.org/photos/124554406/medium.jpeg,,"",,1,0,false,2,"Gemeinde Tiefgraben, Österreich",47.8495740026,13.3740949405,19,19,,,false,,,Kriechender Günsel,Ajuga reptans,Kriechender Günsel,Plantae,56099,Tracheophyta,Magnoliopsida,Lamiales,,Lamiaceae,Ajugoideae,,Ajuga,Ajuga reptans
76136364,2021/05/01 9:54 AM CEST,2021-05-01,2021-05-01 07:54:00 UTC,Vienna,1479221,mondseeirrsee,2021-05-01 13:56:49 UTC,2021-05-01 14:43:12 UTC,research,CC-BY,https://www.inaturalist.org/observations/76136364,https://inaturalist-open-data.s3.amazonaws.com/photos/124559850/medium.jpeg,,"",,1,0,false,,"5310 St. Lorenz, Österreich",47.8197472222,13.3636361111,32,32,,,false,,,Buschwindröschen,Anemonoides nemorosa,Buschwindröschen,Plantae,950603,Tracheophyta,Magnoliopsida,Ranunculales,,Ranunculaceae,Ranunculoideae,Anemoneae,Anemonoides,Anemonoides nemorosa
76136367,2021/05/01 9:44 AM CEST,2021-05-01,2021-05-01 07:44:00 UTC,Vienna,1479221,mondseeirrsee,2021-05-01 13:56:49 UTC,2021-05-01 14:43:11 UTC,research,CC-BY,https://www.inaturalist.org/observations/76136367,https://inaturalist-open-data.s3.amazonaws.com/photos/124559927/medium.jpeg,,"",,1,0,false,,"5310 St. Lorenz, Österreich",47.8195444444,13.3659944444,12,12,,,false,,,Bach-Nelkenwurz,Geum rivale,Bach-Nelkenwurz,Plantae,55750,Tracheophyta,Magnoliopsida,Rosales,,Rosaceae,Rosoideae,Colurieae,Geum,Geum rivale
76136369,2021/05/01 9:44 AM CEST,2021-05-01,2021-05-01 07:44:00 UTC,Vienna,1479221,mondseeirrsee,2021-05-01 13:56:49 UTC,2021-05-01 14:43:08 UTC,research,CC-BY,https://www.inaturalist.org/observations/76136369,https://inaturalist-open-data.s3.amazonaws.com/photos/124559959/medium.jpeg,,"",,1,0,false,,"5310 St. Lorenz, Österreich",47.8195194444,13.3660555556,24,24,,,false,,,Kriechender Günsel,Ajuga reptans,Kriechender Günsel,Plantae,56099,Tracheophyta,Magnoliopsida,Lamiales,,Lamiaceae,Ajugoideae,,Ajuga,Ajuga reptans
76136372,2021/05/01 9:41 AM CEST,2021-05-01,2021-05-01 07:41:00 UTC,Vienna,1479221,mondseeirrsee,2021-05-01 13:56:50 UTC,2021-05-01 14:43:07 UTC,research,CC-BY,https://www.inaturalist.org/observations/76136372,https://inaturalist-open-data.s3.amazonaws.com/photos/124560042/medium.jpeg,,"",,1,0,false,,"5310 St. Lorenz, Österreich",47.8197694444,13.36675,517,517,,,false,,,Knoblauchsrauke,Alliaria petiolata,Knoblauchsrauke,Plantae,56061,Tracheophyta,Magnoliopsida,Brassicales,,Brassicaceae,,Thlaspideae,Alliaria,Alliaria petiolata
76136380,2021/05/01 9:41 AM CEST,2021-05-01,2021-05-01 07:41:00 UTC,Vienna,1479221,mondseeirrsee,2021-05-01 13:56:50 UTC,2021-05-01 14:43:06 UTC,research,CC-BY,https://www.inaturalist.org/observations/76136380,https://inaturalist-open-data.s3.amazonaws.com/photos/124560070/medium.jpeg,,"",,1,0,false,,"Vöcklabruck, Oberösterreich, Austria",47.8332722222,13.3638583333,1440,1440,,,false,,,Gundermann,Glechoma hederacea,Gundermann,Plantae,55830,Tracheophyta,Magnoliopsida,Lamiales,,Lamiaceae,Nepetoideae,Mentheae,Glechoma,Glechoma hederacea
76136387,2021/05/01 9:39 AM CEST,2021-05-01,2021-05-01 07:39:00 UTC,Vienna,1479221,mondseeirrsee,2021-05-01 13:56:51 UTC,2021-05-01 13:58:09 UTC,research,CC-BY,https://www.inaturalist.org/observations/76136387,https://inaturalist-open-data.s3.amazonaws.com/photos/124560105/medium.jpeg,,"",,1,0,false,,"Vöcklabruck, Oberösterreich, Austria",47.8199527778,13.3671555556,24,24,,,false,,,Efeu,Hedera helix,Efeu,Plantae,55882,Tracheophyta,Magnoliopsida,Apiales,,Araliaceae,,,Hedera,Hedera helix
76136392,2021/05/01 9:38 AM CEST,2021-05-01,2021-05-01 07:38:00 UTC,Vienna,1479221,mondseeirrsee,2021-05-01 13:56:51 UTC,2021-05-01 14:43:03 UTC,research,CC-BY,https://www.inaturalist.org/observations/76136392,https://inaturalist-open-data.s3.amazonaws.com/photos/124560205/medium.jpeg,,"",,1,0,false,,"Vöcklabruck, Oberösterreich, Austria",47.8199666667,13.3672722222,48,48,,,false,,,Eisenhutblättriger Hahnenfuß,Ranunculus aconitifolius,Eisenhutblättriger Hahnenfuß,Plantae,85431,Tracheophyta,Magnoliopsida,Ranunculales,,Ranunculaceae,Ranunculoideae,Ranunculeae,Ranunculus,Ranunculus aconitifolius
76136394,2021/05/01 9:37 AM CEST,2021-05-01,2021-05-01 07:37:00 UTC,Vienna,1479221,mondseeirrsee,2021-05-01 13:56:52 UTC,2021-05-01 14:42:48 UTC,research,CC-BY,https://www.inaturalist.org/observations/76136394,https://inaturalist-open-data.s3.amazonaws.com/photos/124560236/medium.jpeg,,"",,1,0,false,,"Vöcklabruck, Oberösterreich, Austria",47.8200277778,13.3669805556,8,8,,,false,,,Scharbockskraut,Ficaria verna,Scharbockskraut,Plantae,204321,Tracheophyta,Magnoliopsida,Ranunculales,,Ranunculaceae,Ranunculoideae,Ranunculeae,Ficaria,Ficaria verna
76136396,2021/05/01 9:36 AM CEST,2021-05-01,2021-05-01 07:36:00 UTC,Vienna,1479221,mondseeirrsee,2021-05-01 13:56:52 UTC,2021-05-01 13:58:11 UTC,research,CC-BY,https://www.inaturalist.org/observations/76136396,https://inaturalist-open-data.s3.amazonaws.com/photos/124560265/medium.jpeg,,"",,1,0,false,,"Vöcklabruck, Oberösterreich, Austria",47.8200111111,13.3669916667,8,8,,,false,,,Gelbe Anemone,Anemonoides ranunculoides,Gelbe Anemone,Plantae,950596,Tracheophyta,Magnoliopsida,Ranunculales,,Ranunculaceae,Ranunculoideae,Anemoneae,Anemonoides,Anemonoides ranunculoides
76136401,2021/05/01 9:36 AM CEST,2021-05-01,2021-05-01 07:36:00 UTC,Vienna,1479221,mondseeirrsee,2021-05-01 13:56:53 UTC,2021-05-01 13:57:57 UTC,research,CC-BY,https://www.inaturalist.org/observations/76136401,https://inaturalist-open-data.s3.amazonaws.com/photos/124560295/medium.jpeg,,"",,1,0,false,,"Vöcklabruck, Oberösterreich, Austria",47.8199722222,13.3668888889,6,6,,,false,,,Wald-Schlüsselblume,Primula elatior,Wald-Schlüsselblume,Plantae,55840,Tracheophyta,Magnoliopsida,Ericales,,Primulaceae,Primuloideae,Primuleae,Primula,Primula elatior
76136402,2021/05/01 9:36 AM CEST,2021-05-01,2021-05-01 07:36:00 UTC,Vienna,1479221,mondseeirrsee,2021-05-01 13:56:53 UTC,2021-05-01 14:42:46 UTC,research,CC-BY,https://www.inaturalist.org/observations/76136402,https://inaturalist-open-data.s3.amazonaws.com/photos/124560364/medium.jpeg,,"",,1,0,false,,"Vöcklabruck, Oberösterreich, Austria",47.8199666667,13.3668305556,8,8,,,false,,,Wolliger Hahnenfuß,Ranunculus lanuginosus,Wolliger Hahnenfuß,Plantae,145537,Tracheophyta,Magnoliopsida,Ranunculales,,Ranunculaceae,Ranunculoideae,Ranunculeae,Ranunculus,Ranunculus lanuginosus
76136403,2021/05/01 9:35 AM CEST,2021-05-01,2021-05-01 07:35:00 UTC,Vienna,1479221,mondseeirrsee,2021-05-01 13:56:53 UTC,2021-05-01 13:58:02 UTC,research,CC-BY,https://www.inaturalist.org/observations/76136403,https://inaturalist-open-data.s3.amazonaws.com/photos/124560399/medium.jpeg,,"",,1,0,false,,"Vöcklabruck, Oberösterreich, Austria",47.8199833333,13.3666555556,12,12,,open,false,,,Sumpfdotterblume,Caltha palustris,Sumpfdotterblume,Plantae,56224,Tracheophyta,Magnoliopsida,Ranunculales,,Ranunculaceae,Ranunculoideae,Caltheae,Caltha,Caltha palustris
76136406,2021/05/01 9:35 AM CEST,2021-05-01,2021-05-01 07:35:00 UTC,Vienna,1479221,mondseeirrsee,2021-05-01 13:56:54 UTC,2021-05-01 13:58:03 UTC,research,CC-BY,https://www.inaturalist.org/observations/76136406,https://inaturalist-open-data.s3.amazonaws.com/photos/124560421/medium.jpeg,,"",,1,0,false,,"Vöcklabruck, Oberösterreich, Austria",47.8199361111,13.3667361111,12,12,,,false,,,Bärlauch,Allium ursinum,Bärlauch,Plantae,56152,Tracheophyta,Liliopsida,Asparagales,,Amaryllidaceae,Allioideae,Allieae,Allium,Allium ursinum
76136407,2021/05/01 9:34 AM CEST,2021-05-01,2021-05-01 07:34:00 UTC,Vienna,1479221,mondseeirrsee,2021-05-01 13:56:54 UTC,2021-05-01 13:58:04 UTC,research,CC-BY,https://www.inaturalist.org/observations/76136407,https://inaturalist-open-data.s3.amazonaws.com/photos/124560462/medium.jpeg,,"",,1,0,false,,"Vöcklabruck, Oberösterreich, Austria",47.819875,13.3671444444,96,96,,,false,,,Gefleckte Taubnessel,Lamium maculatum,Gefleckte Taubnessel,Plantae,55828,Tracheophyta,Magnoliopsida,Lamiales,,Lamiaceae,Lamioideae,Lamieae,Lamium,Lamium maculatum
76136411,2021/05/01 9:34 AM CEST,2021-05-01,2021-05-01 07:34:00 UTC,Vienna,1479221,mondseeirrsee,2021-05-01 13:56:55 UTC,2021-05-01 13:58:12 UTC,research,CC-BY,https://www.inaturalist.org/observations/76136411,https://inaturalist-open-data.s3.amazonaws.com/photos/124560488/medium.jpeg,,"",,1,0,false,,"Vöcklabruck, Oberösterreich, Austria",47.8198972222,13.3666388889,8,8,,,false,,,Knollen-Beinwell,Symphytum tuberosum,Knollen-Beinwell,Plantae,131625,Tracheophyta,Magnoliopsida,Boraginales,,Boraginaceae,Boraginoideae,Boragineae,Symphytum,Symphytum tuberosum
76226676,2021-05-01 14:59:59,2021-05-01,2021-05-01 14:59:59 UTC,UTC,4273627,fear-fantasy,2021-05-01 18:14:58 UTC,2021-05-17 11:23:55 UTC,research,CC-BY-NC,https://www.inaturalist.org/observations/76226676,https://inaturalist-open-data.s3.amazonaws.com/photos/125085169/medium.jpeg,,"",Ringelnatter,4,0,false,2,"Gemeinde Tiefgraben, Österreich",47.8585771878,13.3283337951,76,76,,open,false,gps,gps,grass snake,Natrix natrix,Ringelnatter,Reptilia,966787,Chordata,Reptilia,Squamata,,Colubridae,Natricinae,,Natrix,Natrix natrix
76444369,2021/05/01 2:42 PM CEST,2021-05-01,2021-05-01 12:42:00 UTC,Vienna,1479221,mondseeirrsee,2021-05-02 06:26:17 UTC,2021-05-02 06:34:42 UTC,research,CC-BY,https://www.inaturalist.org/observations/76444369,https://inaturalist-open-data.s3.amazonaws.com/photos/125050221/medium.jpeg,,"",,1,0,false,,"Vöcklabruck, Österreich",47.8520361111,13.3583666667,32,32,,,false,,,Zwiebel-Zahnwurz,Cardamine bulbifera,Zwiebel-Zahnwurz,Plantae,124720,Tracheophyta,Magnoliopsida,Brassicales,,Brassicaceae,,Cardamineae,Cardamine,Cardamine bulbifera
76444370,2021/05/01 2:42 PM CEST,2021-05-01,2021-05-01 12:42:00 UTC,Vienna,1479221,mondseeirrsee,2021-05-02 06:26:17 UTC,2021-05-03 07:23:34 UTC,research,CC-BY,https://www.inaturalist.org/observations/76444370,https://inaturalist-open-data.s3.amazonaws.com/photos/125050236/medium.jpeg,,"",,2,0,false,,"Vöcklabruck, Österreich",47.8520888889,13.3589111111,121,121,,,false,,,Gamander-Ehrenpreis,Veronica chamaedrys,Gamander-Ehrenpreis,Plantae,51610,Tracheophyta,Magnoliopsida,Lamiales,,Plantaginaceae,,Veroniceae,Veronica,Veronica chamaedrys
76444377,2021/05/01 2:44 PM CEST,2021-05-01,2021-05-01 12:44:00 UTC,Vienna,1479221,mondseeirrsee,2021-05-02 06:26:18 UTC,2021-05-02 06:34:31 UTC,research,CC-BY,https://www.inaturalist.org/observations/76444377,https://inaturalist-open-data.s3.amazonaws.com/photos/125050273/medium.jpeg,,"",,1,0,false,,"Vöcklabruck, Österreich",47.8520916667,13.3587055556,64,64,,,false,,,Gefleckter Aronstab,Arum maculatum,Gefleckter Aronstab,Plantae,61318,Tracheophyta,Liliopsida,Alismatales,,Araceae,Aroideae,Areae,Arum,Arum maculatum
76444379,2021/05/01 2:45 PM CEST,2021-05-01,2021-05-01 12:45:00 UTC,Vienna,1479221,mondseeirrsee,2021-05-02 06:26:18 UTC,2021-05-02 06:34:28 UTC,research,CC-BY,https://www.inaturalist.org/observations/76444379,https://inaturalist-open-data.s3.amazonaws.com/photos/125050285/medium.jpeg,,"",,1,0,false,,"Mondsee, Österreich",47.852,13.3575944444,65,65,,,false,,,Gewöhnliche Goldnessel,Lamium galeobdolon,Gewöhnliche Goldnessel,Plantae,204339,Tracheophyta,Magnoliopsida,Lamiales,,Lamiaceae,Lamioideae,Lamieae,Lamium,Lamium galeobdolon
76444384,2021/05/01 2:46 PM CEST,2021-05-01,2021-05-01 12:46:00 UTC,Vienna,1479221,mondseeirrsee,2021-05-02 06:26:19 UTC,2021-05-02 06:34:24 UTC,research,CC-BY,https://www.inaturalist.org/observations/76444384,https://inaturalist-open-data.s3.amazonaws.com/photos/125050320/medium.jpeg,,"",,1,0,false,,"Vöcklabruck, Oberösterreich, Austria",47.8529888889,13.3582833333,24,24,,,false,,,Rote Lichtnelke,Silene dioica,Rote Lichtnelke,Plantae,55759,Tracheophyta,Magnoliopsida,Caryophyllales,,Caryophyllaceae,Caryophylloideae,Sileneae,Silene,Silene dioica
76444385,2021/05/01 2:52 PM CEST,2021-05-01,2021-05-01 12:52:00 UTC,Vienna,1479221,mondseeirrsee,2021-05-02 06:26:19 UTC,2021-05-02 06:34:21 UTC,research,CC-BY,https://www.inaturalist.org/observations/76444385,https://inaturalist-open-data.s3.amazonaws.com/photos/125050357/medium.jpeg,,"",,1,0,false,,"Vöcklabruck, Oberösterreich, Austria",47.8542361111,13.3571333333,8,8,,,false,,,Hopfenklee,Medicago lupulina,Hopfenklee,Plantae,57056,Tracheophyta,Magnoliopsida,Fabales,,Fabaceae,Faboideae,Trifolieae,Medicago,Medicago lupulina
76444387,2021/05/01 2:53 PM CEST,2021-05-01,2021-05-01 12:53:00 UTC,Vienna,1479221,mondseeirrsee,2021-05-02 06:26:19 UTC,2021-05-02 07:40:47 UTC,research,CC-BY,https://www.inaturalist.org/observations/76444387,https://inaturalist-open-data.s3.amazonaws.com/photos/125050397/medium.jpeg,,"",,1,0,false,,"Vöcklabruck, Oberösterreich, Austria",47.8542472222,13.3571222222,8,8,,,false,,,Gewöhnlicher Feldsalat,Valerianella locusta,Gewöhnlicher Feldsalat,Plantae,55752,Tracheophyta,Magnoliopsida,Dipsacales,,Caprifoliaceae,Valerianoideae,,Valerianella,Valerianella locusta
76444392,2021/05/01 2:57 PM CEST,2021-05-01,2021-05-01 12:57:00 UTC,Vienna,1479221,mondseeirrsee,2021-05-02 06:26:20 UTC,2021-05-02 06:34:13 UTC,research,CC-BY,https://www.inaturalist.org/observations/76444392,https://inaturalist-open-data.s3.amazonaws.com/photos/125050420/medium.jpeg,,"",,1,0,false,,"Vöcklabruck, Oberösterreich, Austria",47.855325,13.3553138889,65,65,,,false,,,Wald-Sauerklee,Oxalis acetosella,Wald-Sauerklee,Plantae,69624,Tracheophyta,Magnoliopsida,Oxalidales,,Oxalidaceae,,,Oxalis,Oxalis acetosella
76495719,Sun May 02 2021 13:36:06 GMT+0200 (GMT+2),2021-05-02,2021-05-02 11:36:06 UTC,Pretoria,4334538,magdalenaloderbauer,2021-05-02 11:36:44 UTC,2021-05-08 05:56:18 UTC,research,CC-BY-NC,https://www.inaturalist.org/observations/76495719,https://inaturalist-open-data.s3.amazonaws.com/photos/125129488/medium.jpg,,"","",2,0,false,3,"Sankt Lorenz, Oberösterreich, AT",47.8016881476,13.382184139,22,22,,,false,,,Trefoil Cress,Cardamine trifolia,Kleeblättriges Schaumkraut,Plantae,346985,Tracheophyta,Magnoliopsida,Brassicales,,Brassicaceae,,Cardamineae,Cardamine,Cardamine trifolia
76496136,Sun May 02 2021 13:38:15 GMT+0200 (GMT+2),2021-05-02,2021-05-02 11:38:15 UTC,Pretoria,4334538,magdalenaloderbauer,2021-05-02 11:38:49 UTC,2021-05-02 16:30:27 UTC,research,CC-BY-NC,https://www.inaturalist.org/observations/76496136,https://inaturalist-open-data.s3.amazonaws.com/photos/125130104/medium.jpg,,"","",1,0,false,3,"Sankt Lorenz, Oberösterreich, AT",47.8014292689,13.3824110245,22,22,,,false,,,Wechselblättriges Milzkraut,Chrysosplenium alternifolium,Wechselblättriges Milzkraut,Plantae,133031,Tracheophyta,Magnoliopsida,Saxifragales,,Saxifragaceae,,,Chrysosplenium,Chrysosplenium alternifolium
76496408,Sun May 02 2021 13:39:40 GMT+0200 (GMT+2),2021-05-02,2021-05-02 11:39:40 UTC,Pretoria,4334538,magdalenaloderbauer,2021-05-02 11:40:11 UTC,2021-05-08 05:57:14 UTC,research,CC-BY-NC,https://www.inaturalist.org/observations/76496408,https://inaturalist-open-data.s3.amazonaws.com/photos/125130532/medium.jpg,,"","",2,0,false,3,"Sankt Lorenz, Oberösterreich, AT",47.8013696939,13.3825697488,20,20,,,false,,,Round-leaved Saxifrage,Saxifraga rotundifolia,Rundblättriger Steinbrech,Plantae,85444,Tracheophyta,Magnoliopsida,Saxifragales,,Saxifragaceae,,,Saxifraga,Saxifraga rotundifolia
76501392,Sun May 02 2021 14:04:29 GMT+0200 (GMT+2),2021-05-02,2021-05-02 12:04:29 UTC,Pretoria,4334538,magdalenaloderbauer,2021-05-02 12:04:51 UTC,2021-05-17 05:47:43 UTC,needs_id,CC-BY-NC,https://www.inaturalist.org/observations/76501392,https://inaturalist-open-data.s3.amazonaws.com/photos/125138297/medium.jpg,,"","",2,0,false,3,"Sankt Gilgen, Salzburg, AT",47.7983282205,13.3767601524,23,23,,,false,,,Limax,Limax,,Mollusca,62472,Mollusca,Gastropoda,Stylommatophora,Limacoidea,Limacidae,Limacinae,,Limax,
76501809,Sun May 02 2021 14:05:36 GMT+0200 (GMT+2),2021-05-02,2021-05-02 12:05:36 UTC,Pretoria,4334538,magdalenaloderbauer,2021-05-02 12:06:42 UTC,2021-05-02 16:31:53 UTC,research,CC-BY-NC,https://www.inaturalist.org/observations/76501809,https://inaturalist-open-data.s3.amazonaws.com/photos/125138915/medium.jpg,,"","",1,0,false,3,"Sankt Gilgen, Salzburg, AT",47.798244357,13.3763327949,112,112,,,false,,,Wald-Sanikel,Sanicula europaea,Wald-Sanikel,Plantae,168412,Tracheophyta,Magnoliopsida,Apiales,,Apiaceae,Saniculoideae,Saniculeae,Sanicula,Sanicula europaea
76511123,Sun May 02 2021 14:43:59 GMT+0200 (GMT+2),2021-05-02,2021-05-02 12:43:59 UTC,Pretoria,4334538,magdalenaloderbauer,2021-05-02 12:45:04 UTC,2021-05-09 20:50:47 UTC,research,CC-BY-NC,https://www.inaturalist.org/observations/76511123,https://inaturalist-open-data.s3.amazonaws.com/photos/125152937/medium.jpg,,"","",1,0,false,3,"Sankt Gilgen, Salzburg, AT",47.7981994352,13.3767274826,9,9,,open,false,,,Schwarzer Schnegel,Limax cinereoniger,Schwarzer Schnegel,Mollusca,143291,Mollusca,Gastropoda,Stylommatophora,Limacoidea,Limacidae,Limacinae,,Limax,Limax cinereoniger
76841523,2021-05-02 20:22:13,2021-05-02,2021-05-02 18:22:13 UTC,Vienna,1776852,blackindia77,2021-05-03 04:48:15 UTC,2021-05-03 06:15:03 UTC,research,CC-BY-NC,https://www.inaturalist.org/observations/76841523,https://inaturalist-open-data.s3.amazonaws.com/photos/125676796/medium.jpeg,,"",,1,0,false,2,"5310 St. Lorenz, Österreich",47.8321603111,13.3425881056,,,,open,false,gps,gps,Reh,Capreolus capreolus,Reh,Mammalia,42184,Chordata,Mammalia,Artiodactyla,,Cervidae,Capreolinae,Capreolini,Capreolus,Capreolus capreolus
76841800,2021-05-02 20:38:22,2021-05-02,2021-05-02 18:38:22 UTC,Vienna,1776852,blackindia77,2021-05-03 04:49:03 UTC,2021-05-03 05:08:30 UTC,research,CC-BY-NC,https://www.inaturalist.org/observations/76841800,https://inaturalist-open-data.s3.amazonaws.com/photos/125677039/medium.jpeg,,"",,1,0,false,2,"5310 St. Lorenz, Österreich",47.836497325,13.3396815583,,,,open,false,gps,gps,Stockente,Anas platyrhynchos,Stockente,Aves,6930,Chordata,Aves,Anseriformes,,Anatidae,,,Anas,Anas platyrhynchos
76843892,2021/05/02 6:00 PM CEST,2021-05-02,2021-05-02 16:00:00 UTC,Vienna,1479221,mondseeirrsee,2021-05-03 05:00:40 UTC,2021-05-03 06:26:32 UTC,research,CC-BY,https://www.inaturalist.org/observations/76843892,https://inaturalist-open-data.s3.amazonaws.com/photos/125677671/medium.jpeg,,"",,1,0,false,,"5310 St. Lorenz, Österreich",47.7987444444,13.3903527778,165,165,,,false,,,Haselwurz,Asarum europaeum,Haselwurz,Plantae,128901,Tracheophyta,Magnoliopsida,Piperales,,Aristolochiaceae,Asaroideae,,Asarum,Asarum europaeum
76843896,2021/05/02 6:02 PM CEST,2021-05-02,2021-05-02 16:02:00 UTC,Vienna,1479221,mondseeirrsee,2021-05-03 05:00:41 UTC,2021-05-03 06:26:29 UTC,research,CC-BY,https://www.inaturalist.org/observations/76843896,https://inaturalist-open-data.s3.amazonaws.com/photos/125677696/medium.jpeg,,"",,1,0,false,,"5310 St. Lorenz, Österreich",47.7990333333,13.3889916667,64,64,,,false,,,Rotbuche,Fagus sylvatica,Rotbuche,Plantae,54227,Tracheophyta,Magnoliopsida,Fagales,,Fagaceae,,,Fagus,Fagus sylvatica
76843898,2021/05/02 6:03 PM CEST,2021-05-02,2021-05-02 16:03:00 UTC,Vienna,1479221,mondseeirrsee,2021-05-03 05:00:41 UTC,2021-05-05 03:38:35 UTC,research,CC-BY,https://www.inaturalist.org/observations/76843898,https://inaturalist-open-data.s3.amazonaws.com/photos/125677709/medium.jpeg,,"",,1,0,false,,"5310 St. Lorenz, Österreich",47.7979277778,13.3901027778,847,847,,,false,,,Dreiblättriger Baldrian,Valeriana tripteris,Dreiblättriger Baldrian,Plantae,451051,Tracheophyta,Magnoliopsida,Dipsacales,,Caprifoliaceae,Valerianoideae,,Valeriana,Valeriana tripteris
76843899,2021/05/02 6:04 PM CEST,2021-05-02,2021-05-02 16:04:00 UTC,Vienna,1479221,mondseeirrsee,2021-05-03 05:00:42 UTC,2021-05-03 05:55:58 UTC,research,CC-BY,https://www.inaturalist.org/observations/76843899,https://inaturalist-open-data.s3.amazonaws.com/photos/125677715/medium.jpeg,,"",,1,0,false,,"5310 St. Lorenz, Österreich",47.7991,13.3883555556,449,449,,,false,,,maidenhair spleenwort,Asplenium trichomanes,Dunkelstieliger Streifenfarn,Plantae,75609,Tracheophyta,Polypodiopsida,Polypodiales,,Aspleniaceae,,,Asplenium,Asplenium trichomanes
76843900,2021/05/02 6:06 PM CEST,2021-05-02,2021-05-02 16:06:00 UTC,Vienna,1479221,mondseeirrsee,2021-05-03 05:00:42 UTC,2021-05-03 06:26:21 UTC,research,CC-BY,https://www.inaturalist.org/observations/76843900,https://inaturalist-open-data.s3.amazonaws.com/photos/125677722/medium.jpeg,,"",,1,0,false,,"Salzburg-Umgebung, Österreich",47.7944027778,13.3940333333,1405,1405,,,false,,,Mandelblättrige Wolfsmilch,Euphorbia amygdaloides,Mandelblättrige Wolfsmilch,Plantae,57662,Tracheophyta,Magnoliopsida,Malpighiales,,Euphorbiaceae,Euphorbioideae,Euphorbieae,Euphorbia,Euphorbia amygdaloides
76843901,2021/05/02 6:06 PM CEST,2021-05-02,2021-05-02 16:06:00 UTC,Vienna,1479221,mondseeirrsee,2021-05-03 05:00:42 UTC,2021-05-03 05:48:57 UTC,research,CC-BY,https://www.inaturalist.org/observations/76843901,https://inaturalist-open-data.s3.amazonaws.com/photos/125677725/medium.jpeg,,"",,1,0,false,,"Vöcklabruck, Oberösterreich, Austria",47.7985694444,13.3879694444,96,96,,,false,,,Hainsalat,Aposeris foetida,Hainsalat,Plantae,130723,Tracheophyta,Magnoliopsida,Asterales,,Asteraceae,Cichorioideae,Cichorieae,Aposeris,Aposeris foetida
76843902,2021/05/02 6:11 PM CEST,2021-05-02,2021-05-02 16:11:00 UTC,Vienna,1479221,mondseeirrsee,2021-05-03 05:00:43 UTC,2021-05-03 05:52:39 UTC,research,CC-BY,https://www.inaturalist.org/observations/76843902,https://inaturalist-open-data.s3.amazonaws.com/photos/125677728/medium.jpeg,,"",,1,0,false,,"5310 St. Lorenz, Österreich",47.7949777778,13.3931861111,1288,1288,,,false,,,Zwiebel-Zahnwurz,Cardamine bulbifera,Zwiebel-Zahnwurz,Plantae,124720,Tracheophyta,Magnoliopsida,Brassicales,,Brassicaceae,,Cardamineae,Cardamine,Cardamine bulbifera
76843904,2021/05/02 6:18 PM CEST,2021-05-02,2021-05-02 16:18:00 UTC,Vienna,1479221,mondseeirrsee,2021-05-03 05:00:43 UTC,2021-05-03 06:26:16 UTC,research,CC-BY,https://www.inaturalist.org/observations/76843904,https://inaturalist-open-data.s3.amazonaws.com/photos/125677785/medium.jpeg,,"",,1,0,false,,"Salzburg-Umgebung, Österreich",47.7946888889,13.3936888889,1414,1414,,,false,,,Zypressen-Wolfsmilch,Euphorbia cyparissias,Zypressen-Wolfsmilch,Plantae,55766,Tracheophyta,Magnoliopsida,Malpighiales,,Euphorbiaceae,Euphorbioideae,Euphorbieae,Euphorbia,Euphorbia cyparissias
76843905,2021/05/02 6:16 PM CEST,2021-05-02,2021-05-02 16:16:00 UTC,Vienna,1479221,mondseeirrsee,2021-05-03 05:00:43 UTC,2021-05-03 05:56:31 UTC,research,CC-BY,https://www.inaturalist.org/observations/76843905,https://inaturalist-open-data.s3.amazonaws.com/photos/125677740/medium.jpeg,,"",,1,0,false,,"Salzburg-Umgebung, Österreich",47.7947,13.3936611111,1414,1414,,,false,,,blue sedge,Carex flacca,Schlaffe Segge,Plantae,159951,Tracheophyta,Liliopsida,Poales,,Cyperaceae,Cyperoideae,Cariceae,Carex,Carex flacca
76843908,2021/05/02 6:20 PM CEST,2021-05-02,2021-05-02 16:20:00 UTC,Vienna,1479221,mondseeirrsee,2021-05-03 05:00:44 UTC,2021-05-03 06:26:07 UTC,research,CC-BY,https://www.inaturalist.org/observations/76843908,https://inaturalist-open-data.s3.amazonaws.com/photos/125677807/medium.jpeg,,"",,1,0,false,,"Salzburg-Umgebung, Österreich",47.7972305556,13.3860916667,128,128,,,false,,,Maiglöckchen,Convallaria majalis,Maiglöckchen,Plantae,48206,Tracheophyta,Liliopsida,Asparagales,,Asparagaceae,Nolinoideae,,Convallaria,Convallaria majalis
76843910,2021/05/02 6:22 PM CEST,2021-05-02,2021-05-02 16:22:00 UTC,Vienna,1479221,mondseeirrsee,2021-05-03 05:00:44 UTC,2021-05-03 05:54:56 UTC,research,CC-BY,https://www.inaturalist.org/observations/76843910,https://inaturalist-open-data.s3.amazonaws.com/photos/125677822/medium.jpeg,,"",,1,0,false,,"Salzburg-Umgebung, Österreich",47.7944972222,13.3942583333,1414,1414,,,false,,,Early Dog-violet,Viola reichenbachiana,Wald-Veilchen,Plantae,147293,Tracheophyta,Magnoliopsida,Malpighiales,,Violaceae,,,Viola,Viola reichenbachiana
76843911,2021/05/02 6:23 PM CEST,2021-05-02,2021-05-02 16:23:00 UTC,Vienna,1479221,mondseeirrsee,2021-05-03 05:00:44 UTC,2021-05-03 05:52:44 UTC,research,CC-BY,https://www.inaturalist.org/observations/76843911,https://inaturalist-open-data.s3.amazonaws.com/photos/125677837/medium.jpeg,,"",,1,0,false,,"Salzburg-Umgebung, Österreich",47.7962944444,13.3868111111,532,532,,,false,,,Mondviole,Lunaria rediviva,Mondviole,Plantae,120549,Tracheophyta,Magnoliopsida,Brassicales,,Brassicaceae,,Biscutelleae,Lunaria,Lunaria rediviva
76843914,2021/05/02 6:25 PM CEST,2021-05-02,2021-05-02 16:25:00 UTC,Vienna,1479221,mondseeirrsee,2021-05-03 05:00:46 UTC,2021-05-03 06:26:03 UTC,research,CC-BY,https://www.inaturalist.org/observations/76843914,https://inaturalist-open-data.s3.amazonaws.com/photos/125677857/medium.jpeg,,"",,1,0,false,,"Salzburg-Umgebung, Österreich",47.7958805556,13.385825,16,16,,,false,,,Gefleckte Taubnessel,Lamium maculatum,Gefleckte Taubnessel,Plantae,55828,Tracheophyta,Magnoliopsida,Lamiales,,Lamiaceae,Lamioideae,Lamieae,Lamium,Lamium maculatum
76843915,2021/05/02 6:24 PM CEST,2021-05-02,2021-05-02 16:24:00 UTC,Vienna,1479221,mondseeirrsee,2021-05-03 05:00:46 UTC,2021-05-03 05:49:10 UTC,research,CC-BY,https://www.inaturalist.org/observations/76843915,https://inaturalist-open-data.s3.amazonaws.com/photos/125677851/medium.jpeg,,"",,1,0,false,,"5310 St. Lorenz, Österreich",47.7952638889,13.3906055556,732,732,,,false,,,Weiße Pestwurz,Petasites albus,Weiße Pestwurz,Plantae,55763,Tracheophyta,Magnoliopsida,Asterales,,Asteraceae,Asteroideae,Senecioneae,Petasites,Petasites albus
76843918,2021/05/02 6:25 PM CEST,2021-05-02,2021-05-02 16:25:00 UTC,Vienna,1479221,mondseeirrsee,2021-05-03 05:00:46 UTC,2021-05-05 03:42:33 UTC,research,CC-BY,https://www.inaturalist.org/observations/76843918,https://inaturalist-open-data.s3.amazonaws.com/photos/125677870/medium.jpeg,,"",,1,0,false,,"Salzburg-Umgebung, Österreich",47.79585,13.3855416667,24,24,,,false,,,Wolliger Hahnenfuß,Ranunculus lanuginosus,Wolliger Hahnenfuß,Plantae,145537,Tracheophyta,Magnoliopsida,Ranunculales,,Ranunculaceae,Ranunculoideae,Ranunculeae,Ranunculus,Ranunculus lanuginosus
76843923,2021/05/02 6:25 PM CEST,2021-05-02,2021-05-02 16:25:00 UTC,Vienna,1479221,mondseeirrsee,2021-05-03 05:00:47 UTC,2021-05-03 05:27:26 UTC,research,CC-BY,https://www.inaturalist.org/observations/76843923,https://inaturalist-open-data.s3.amazonaws.com/photos/125677919/medium.jpeg,,"",,1,0,false,,"Salzburg-Umgebung, Österreich",47.7959055556,13.3856305556,65,65,,open,false,,,Weinbergschnecke,Helix pomatia,Weinbergschnecke,Mollusca,61523,Mollusca,Gastropoda,Stylommatophora,Helicoidea,Helicidae,Helicinae,Helicini,Helix,Helix pomatia
76843924,2021/05/02 6:28 PM CEST,2021-05-02,2021-05-02 16:28:00 UTC,Vienna,1479221,mondseeirrsee,2021-05-03 05:00:47 UTC,2021-05-03 13:40:49 UTC,research,CC-BY,https://www.inaturalist.org/observations/76843924,https://inaturalist-open-data.s3.amazonaws.com/photos/125677943/medium.jpeg,,"",,1,0,false,,"Salzburg-Umgebung, Österreich",47.7950333333,13.3867166667,387,387,,open,false,,,Geflecktes Lungenkraut,Pulmonaria officinalis,Geflecktes Lungenkraut,Plantae,167599,Tracheophyta,Magnoliopsida,Boraginales,,Boraginaceae,Boraginoideae,Boragineae,Pulmonaria,Pulmonaria officinalis
76843925,2021/05/02 6:29 PM CEST,2021-05-02,2021-05-02 16:29:00 UTC,Vienna,1479221,mondseeirrsee,2021-05-03 05:00:47 UTC,2021-05-03 05:54:06 UTC,research,CC-BY,https://www.inaturalist.org/observations/76843925,https://inaturalist-open-data.s3.amazonaws.com/photos/125677972/medium.jpeg,,"",,1,0,false,,"Salzburg-Umgebung, Österreich",47.794875,13.3866361111,24,24,,,false,,,Fingered Sedge,Carex digitata,Finger-Segge,Plantae,437967,Tracheophyta,Liliopsida,Poales,,Cyperaceae,Cyperoideae,Cariceae,Carex,Carex digitata
76843928,2021/05/02 6:29 PM CEST,2021-05-02,2021-05-02 16:29:00 UTC,Vienna,1479221,mondseeirrsee,2021-05-03 05:00:48 UTC,2021-05-03 05:52:34 UTC,research,CC-BY,https://www.inaturalist.org/observations/76843928,https://inaturalist-open-data.s3.amazonaws.com/photos/125677996/medium.jpeg,,"",,1,0,false,,"Salzburg-Umgebung, Österreich",47.7948611111,13.3866611111,24,24,,,false,,,Hart's-tongue fern,Asplenium scolopendrium,Hirschzungenfarn,Plantae,129105,Tracheophyta,Polypodiopsida,Polypodiales,,Aspleniaceae,,,Asplenium,Asplenium scolopendrium
76843929,2021/05/02 6:30 PM CEST,2021-05-02,2021-05-02 16:30:00 UTC,Vienna,1479221,mondseeirrsee,2021-05-03 05:00:48 UTC,2021-05-03 07:51:20 UTC,research,CC-BY,https://www.inaturalist.org/observations/76843929,https://inaturalist-open-data.s3.amazonaws.com/photos/125678017/medium.jpeg,,"",,3,0,false,,"Salzburg-Umgebung, Österreich",47.7943027778,13.3876805556,64,64,,open,false,,,Feuersalamander,Salamandra salamandra,Feuersalamander,Amphibia,27726,Chordata,Amphibia,Caudata,,Salamandridae,Salamandrinae,,Salamandra,Salamandra salamandra
76843930,2021/05/02 6:32 PM CEST,2021-05-02,2021-05-02 16:32:00 UTC,Vienna,1479221,mondseeirrsee,2021-05-03 05:00:48 UTC,2021-05-03 05:55:31 UTC,research,CC-BY,https://www.inaturalist.org/observations/76843930,https://inaturalist-open-data.s3.amazonaws.com/photos/125678021/medium.jpeg,,"",,1,0,false,,"Salzburg-Umgebung, Österreich",47.794475,13.3918444444,1414,1414,,,false,,,Hvitveis,Anemonoides nemorosa,Buschwindröschen,Plantae,950603,Tracheophyta,Magnoliopsida,Ranunculales,,Ranunculaceae,Ranunculoideae,Anemoneae,Anemonoides,Anemonoides nemorosa
76843938,2021/05/02 6:33 PM CEST,2021-05-02,2021-05-02 16:33:00 UTC,Vienna,1479221,mondseeirrsee,2021-05-03 05:00:49 UTC,2021-05-03 07:52:35 UTC,research,CC-BY,https://www.inaturalist.org/observations/76843938,https://inaturalist-open-data.s3.amazonaws.com/photos/125678059/medium.jpeg,,"",,1,0,false,,"Salzburg-Umgebung, Österreich",47.7936388889,13.3885361111,410,410,,,false,,,Liverleaf,Hepatica nobilis,Leberblümchen,Plantae,639660,Tracheophyta,Magnoliopsida,Ranunculales,,Ranunculaceae,Ranunculoideae,Anemoneae,Hepatica,Hepatica nobilis
76843939,2021/05/02 6:33 PM CEST,2021-05-02,2021-05-02 16:33:00 UTC,Vienna,1479221,mondseeirrsee,2021-05-03 05:00:49 UTC,2021-05-03 07:52:39 UTC,research,CC-BY,https://www.inaturalist.org/observations/76843939,https://inaturalist-open-data.s3.amazonaws.com/photos/125678051/medium.jpeg,,"",,1,0,false,,"Salzburg-Umgebung, Österreich",47.7935333333,13.3884944444,206,206,,,false,,,wood-sorrel,Oxalis acetosella,Wald-Sauerklee,Plantae,69624,Tracheophyta,Magnoliopsida,Oxalidales,,Oxalidaceae,,,Oxalis,Oxalis acetosella
76843940,2021/05/02 6:34 PM CEST,2021-05-02,2021-05-02 16:34:00 UTC,Vienna,1479221,mondseeirrsee,2021-05-03 05:00:49 UTC,2021-05-03 05:56:02 UTC,research,CC-BY,https://www.inaturalist.org/observations/76843940,https://inaturalist-open-data.s3.amazonaws.com/photos/125678046/medium.jpeg,,"",,1,0,false,,"Salzburg-Umgebung, Österreich",47.7934444444,13.3886944444,137,137,,,false,,,green spleenwort,Asplenium viride,Grüner Streifenfarn,Plantae,75611,Tracheophyta,Polypodiopsida,Polypodiales,,Aspleniaceae,,,Asplenium,Asplenium viride
76843944,2021/05/02 6:35 PM CEST,2021-05-02,2021-05-02 16:35:00 UTC,Vienna,1479221,mondseeirrsee,2021-05-03 05:00:50 UTC,2021-05-03 05:52:51 UTC,research,CC-BY,https://www.inaturalist.org/observations/76843944,https://inaturalist-open-data.s3.amazonaws.com/photos/125678072/medium.jpeg,,"",,1,0,false,,"Salzburg-Umgebung, Österreich",47.7932861111,13.3891777778,16,16,,,false,,,Kleeblättriges Schaumkraut,Cardamine trifolia,Kleeblättriges Schaumkraut,Plantae,346985,Tracheophyta,Magnoliopsida,Brassicales,,Brassicaceae,,Cardamineae,Cardamine,Cardamine trifolia
76843945,2021/05/02 6:43 PM CEST,2021-05-02,2021-05-02 16:43:00 UTC,Vienna,1479221,mondseeirrsee,2021-05-03 05:00:50 UTC,2021-05-03 06:25:50 UTC,research,CC-BY,https://www.inaturalist.org/observations/76843945,https://inaturalist-open-data.s3.amazonaws.com/photos/125678077/medium.jpeg,,"",,1,0,false,,"Salzburg Umgebung, Salzburg, Austria",47.7947083333,13.3938055556,1414,1414,,,false,,,Wald-Bingelkraut,Mercurialis perennis,Wald-Bingelkraut,Plantae,126757,Tracheophyta,Magnoliopsida,Malpighiales,,Euphorbiaceae,,,Mercurialis,Mercurialis perennis
76843949,2021/05/02 6:45 PM CEST,2021-05-02,2021-05-02 16:45:00 UTC,Vienna,1479221,mondseeirrsee,2021-05-03 05:00:51 UTC,2021-05-03 06:25:53 UTC,research,CC-BY,https://www.inaturalist.org/observations/76843949,https://inaturalist-open-data.s3.amazonaws.com/photos/125678087/medium.jpeg,,"",,1,0,false,,"Salzburg-Umgebung, Österreich",47.7948305556,13.3921333333,1414,1414,,,false,,,Rote Lichtnelke,Silene dioica,Rote Lichtnelke,Plantae,55759,Tracheophyta,Magnoliopsida,Caryophyllales,,Caryophyllaceae,Caryophylloideae,Sileneae,Silene,Silene dioica
76843951,2021/05/02 6:46 PM CEST,2021-05-02,2021-05-02 16:46:00 UTC,Vienna,1479221,mondseeirrsee,2021-05-03 05:00:51 UTC,2021-05-03 05:55:55 UTC,research,CC-BY,https://www.inaturalist.org/observations/76843951,https://inaturalist-open-data.s3.amazonaws.com/photos/125678094/medium.jpeg,,"",,1,0,false,,"Salzburg-Umgebung, Österreich",47.7962722222,13.3859777778,140,140,,,false,,,White sedge,Carex alba,Weisse Segge,Plantae,484172,Tracheophyta,Liliopsida,Poales,,Cyperaceae,Cyperoideae,Cariceae,Carex,Carex alba
76843952,2021/05/02 6:46 PM CEST,2021-05-02,2021-05-02 16:46:00 UTC,Vienna,1479221,mondseeirrsee,2021-05-03 05:00:51 UTC,2021-05-04 09:17:54 UTC,research,CC-BY,https://www.inaturalist.org/observations/76843952,https://inaturalist-open-data.s3.amazonaws.com/photos/125678115/medium.jpeg,,"",,1,0,false,,"Salzburg-Umgebung, Österreich",47.7963166667,13.3859861111,32,32,,,false,,,wild strawberry,Fragaria vesca,Wald-Erdbeere,Plantae,50298,Tracheophyta,Magnoliopsida,Rosales,,Rosaceae,Rosoideae,Potentilleae,Fragaria,Fragaria vesca
76843956,2021/05/02 6:48 PM CEST,2021-05-02,2021-05-02 16:48:00 UTC,Vienna,1479221,mondseeirrsee,2021-05-03 05:00:52 UTC,2021-05-03 05:49:15 UTC,research,CC-BY,https://www.inaturalist.org/observations/76843956,https://inaturalist-open-data.s3.amazonaws.com/photos/125678137/medium.jpeg,,"",,1,0,false,,"5310 St. Lorenz, Österreich",47.7954,13.39055,1414,1414,,,false,,,Huflattich,Tussilago farfara,Huflattich,Plantae,56222,Tracheophyta,Magnoliopsida,Asterales,,Asteraceae,Asteroideae,Senecioneae,Tussilago,Tussilago farfara
76843958,2021/05/02 6:48 PM CEST,2021-05-02,2021-05-02 16:48:00 UTC,Vienna,1479221,mondseeirrsee,2021-05-03 05:00:52 UTC,2021-05-03 05:53:02 UTC,research,CC-BY,https://www.inaturalist.org/observations/76843958,https://inaturalist-open-data.s3.amazonaws.com/photos/125678248/medium.jpeg,,"",,1,0,false,,"Salzburg-Umgebung, Österreich",47.7968527778,13.3857972222,24,24,,,false,,,Alpen-Gänsekresse,Arabis alpina,Alpen-Gänsekresse,Plantae,158472,Tracheophyta,Magnoliopsida,Brassicales,,Brassicaceae,,Arabideae,Arabis,Arabis alpina
76843960,2021/05/02 6:53 PM CEST,2021-05-02,2021-05-02 16:53:00 UTC,Vienna,1479221,mondseeirrsee,2021-05-03 05:00:53 UTC,2021-05-03 06:25:24 UTC,research,CC-BY,https://www.inaturalist.org/observations/76843960,https://inaturalist-open-data.s3.amazonaws.com/photos/125678258/medium.jpeg,,"",,1,0,false,,"5310 St. Lorenz, Österreich",47.7960166667,13.3905138889,1414,1414,,,false,,,Schneerose,Helleborus niger,Schneerose,Plantae,55841,Tracheophyta,Magnoliopsida,Ranunculales,,Ranunculaceae,Ranunculoideae,Helleboreae,Helleborus,Helleborus niger
76843961,2021/05/02 6:53 PM CEST,2021-05-02,2021-05-02 16:53:00 UTC,Vienna,1479221,mondseeirrsee,2021-05-03 05:00:53 UTC,2021-05-03 06:25:37 UTC,research,CC-BY,https://www.inaturalist.org/observations/76843961,https://inaturalist-open-data.s3.amazonaws.com/photos/125678268/medium.jpeg,,"",,1,0,false,,"5310 St. Lorenz, Österreich",47.7977555556,13.3872194444,65,65,,open,false,,,Gemeine Fichte,Picea abies,Gemeine Fichte,Plantae,63567,Tracheophyta,Pinopsida,Pinales,,Pinaceae,,,Picea,Picea abies
76843962,2021/05/02 7:01 PM CEST,2021-05-02,2021-05-02 17:01:00 UTC,Vienna,1479221,mondseeirrsee,2021-05-03 05:00:54 UTC,2021-05-03 06:25:44 UTC,research,CC-BY,https://www.inaturalist.org/observations/76843962,https://inaturalist-open-data.s3.amazonaws.com/photos/125678269/medium.jpeg,,"",,1,0,false,,"5310 St. Lorenz, Österreich",47.798725,13.3888277778,48,48,,,false,,,Rote Heckenkirsche,Lonicera xylosteum,Rote Heckenkirsche,Plantae,124548,Tracheophyta,Magnoliopsida,Dipsacales,,Caprifoliaceae,Caprifolioideae,,Lonicera,Lonicera xylosteum
76843964,2021/05/02 7:04 PM CEST,2021-05-02,2021-05-02 17:04:00 UTC,Vienna,1479221,mondseeirrsee,2021-05-03 05:00:54 UTC,2021-05-03 06:25:15 UTC,research,CC-BY,https://www.inaturalist.org/observations/76843964,https://inaturalist-open-data.s3.amazonaws.com/photos/125678287/medium.jpeg,,"",,1,0,false,,"5310 St. Lorenz, Österreich",47.7993138889,13.3897277778,64,64,,,false,,,Waldmeister,Galium odoratum,Waldmeister,Plantae,56065,Tracheophyta,Magnoliopsida,Gentianales,,Rubiaceae,Rubioideae,Rubieae,Galium,Galium odoratum
76843965,2021/05/02 7:06 PM CEST,2021-05-02,2021-05-02 17:06:00 UTC,Vienna,1479221,mondseeirrsee,2021-05-03 05:00:54 UTC,2021-05-03 06:25:11 UTC,research,CC-BY,https://www.inaturalist.org/observations/76843965,https://inaturalist-open-data.s3.amazonaws.com/photos/125678331/medium.jpeg,,"",,1,0,false,,"5310 St. Lorenz, Österreich",47.7995722222,13.3898333333,64,64,,,false,,,Gewöhnliche Goldnessel,Lamium galeobdolon,Gewöhnliche Goldnessel,Plantae,204339,Tracheophyta,Magnoliopsida,Lamiales,,Lamiaceae,Lamioideae,Lamieae,Lamium,Lamium galeobdolon
76843967,2021/05/02 7:09 PM CEST,2021-05-02,2021-05-02 17:09:00 UTC,Vienna,1479221,mondseeirrsee,2021-05-03 05:00:55 UTC,2021-05-05 03:43:01 UTC,research,CC-BY,https://www.inaturalist.org/observations/76843967,https://inaturalist-open-data.s3.amazonaws.com/photos/125678354/medium.jpeg,,"",,2,0,false,,"5310 St. Lorenz, Österreich",47.7974798884,13.3865942255,15,15,,,false,,,Kleines Immergrün,Vinca minor,Kleines Immergrün,Plantae,55844,Tracheophyta,Magnoliopsida,Gentianales,,Apocynaceae,Rauvolfioideae,Vinceae,Vinca,Vinca minor
76843970,2021/05/02 7:09 PM CEST,2021-05-02,2021-05-02 17:09:00 UTC,Vienna,1479221,mondseeirrsee,2021-05-03 05:00:55 UTC,2021-05-03 06:24:56 UTC,research,CC-BY,https://www.inaturalist.org/observations/76843970,https://inaturalist-open-data.s3.amazonaws.com/photos/125678395/medium.jpeg,,"",,1,0,false,,"5310 St. Lorenz, Österreich",47.7999194444,13.3908222222,164,164,,,false,,,Hohler Lerchensporn,Corydalis cava,Hohler Lerchensporn,Plantae,126193,Tracheophyta,Magnoliopsida,Ranunculales,,Papaveraceae,Fumarioideae,,Corydalis,Corydalis cava
76843971,2021/05/02 7:11 PM CEST,2021-05-02,2021-05-02 17:11:00 UTC,Vienna,1479221,mondseeirrsee,2021-05-03 05:00:55 UTC,2021-05-03 06:24:50 UTC,research,CC-BY,https://www.inaturalist.org/observations/76843971,https://inaturalist-open-data.s3.amazonaws.com/photos/125678426/medium.jpeg,,"",,1,0,false,,"5310 St. Lorenz, Österreich",47.7995868542,13.3905945265,15,15,,,false,,,Schöllkraut,Chelidonium majus,Schöllkraut,Plantae,55757,Tracheophyta,Magnoliopsida,Ranunculales,,Papaveraceae,Papaveroideae,,Chelidonium,Chelidonium majus
76874542,2021-05-03 10:15:25,2021-05-03,2021-05-03 08:15:25 UTC,Vienna,4329175,martina400,2021-05-03 08:16:20 UTC,2021-05-05 03:43:20 UTC,casual,,https://www.inaturalist.org/observations/76874542,https://static.inaturalist.org/photos/125729287/medium.jpeg,,"",,1,0,true,2,"Gemeinde Mondsee, Mondsee, Österreich",47.8551892,13.3467996,22,22,,,false,,,Apfel,Malus domestica,Apfel,Plantae,469472,Tracheophyta,Magnoliopsida,Rosales,,Rosaceae,Amygdaloideae,Maleae,Malus,Malus domestica
76874829,2021-05-03 10:17:23,2021-05-03,2021-05-03 08:17:23 UTC,Vienna,4329175,martina400,2021-05-03 08:18:18 UTC,2021-05-03 20:14:13 UTC,casual,,https://www.inaturalist.org/observations/76874829,https://static.inaturalist.org/photos/126018897/medium.jpeg,,"",,0,0,true,2,"Gemeinde Mondsee, Mondsee, Österreich",47.8549121356,13.3463488883,19,19,,,false,,,Vogel-Kirsche,Prunus avium,Vogel-Kirsche,Plantae,61964,Tracheophyta,Magnoliopsida,Rosales,,Rosaceae,Amygdaloideae,Amygdaleae,Prunus,Prunus avium
77873019,Fri Apr 30 2021 11:12:50 GMT+0200 (GMT+2),2021-04-30,2021-04-30 09:12:50 UTC,Pretoria,4374547,van_nature,2021-05-08 10:26:29 UTC,2021-05-14 05:07:53 UTC,research,CC-BY-NC,https://www.inaturalist.org/observations/77873019,https://inaturalist-open-data.s3.amazonaws.com/photos/128611869/medium.jpg,,"","",1,0,false,3,"Warte am See, Innerschwand, Oberösterreich, AT",47.8368408634,13.392874599,4,4,,,false,,,Knoblauchsrauke,Alliaria petiolata,Knoblauchsrauke,Plantae,56061,Tracheophyta,Magnoliopsida,Brassicales,,Brassicaceae,,Thlaspideae,Alliaria,Alliaria petiolata
77873411,Fri Apr 30 2021 11:14:15 GMT+0200 (GMT+2),2021-04-30,2021-04-30 09:14:15 UTC,Pretoria,4374547,van_nature,2021-05-08 10:30:08 UTC,2021-05-08 10:44:56 UTC,research,CC-BY-NC,https://www.inaturalist.org/observations/77873411,https://inaturalist-open-data.s3.amazonaws.com/photos/127390611/medium.jpg,,"","",1,0,false,3,"Warte am See, Innerschwand, Oberösterreich, AT",47.8368011375,13.3928972635,4,4,,,false,,,Rote Lichtnelke,Silene dioica,Rote Lichtnelke,Plantae,55759,Tracheophyta,Magnoliopsida,Caryophyllales,,Caryophyllaceae,Caryophylloideae,Sileneae,Silene,Silene dioica
